sample_index,aopc,lower_bound,upper_bound,bound_width,naopc,status
0,0.12591197774439092,0.01149895140142975,0.16397217515115106,0.1524732237497213,0.750381106460801,ok
1,0.1263419237450082,0.010808759126022364,0.1609273317839873,0.15011857265796494,0.7696127306127561,ok
2,0.11007057513529189,0.01265242344278296,0.15011272330939535,0.13746029986661237,0.7087002704565666,ok
3,0.12443396209732759,0.004937734209724587,0.20273655584660438,0.19779882163687978,0.6041301302945822,ok
4,0.13642076396885522,0.00753354022425136,0.20791075622459848,0.2003772160003471,0.6432229487826628,ok
5,0.12526320789520223,0.010827310563444785,0.1521146198937764,0.1412873093303316,0.8099517067325899,ok
6,0.12415957554427946,0.010581792751958984,0.15298680838760442,0.14240501563564545,0.7975686971793062,ok
7,0.13196207524152867,0.008372918644482781,0.23424686116380883,0.22587394251932605,0.5471598681041814,ok
8,0.10661675093248858,0.011071087520264948,0.13099885150669047,0.11992776398642552,0.7966934447559477,ok
9,0.10692407313185646,0.004297040176438601,0.20519288025530902,0.20089584007887043,0.5108469787882474,ok
10,0.10591510786670207,0.010105840372300046,0.12226727624646214,0.1121614358741621,0.8542086390717559,ok
11,0.09870796983892496,0.005968051807157374,0.1796853999640731,0.17371734815691572,0.5338552482852623,ok
12,0.10824981741011587,0.005121206350312776,0.22543406458328813,0.22031285823297536,0.4681007358669331,ok
13,0.13660592739272132,0.011750053042240171,0.15607841678070808,0.1443283637384679,0.8650820331943059,ok
14,0.11830364994039974,0.011098198942391132,0.13787554026944593,0.1267773413270548,0.8456199654908724,ok
15,0.0942266708221922,0.000513863309510872,0.19210140151280614,0.19158753820329527,0.48913832492195713,ok
16,0.11367866759867713,0.008021880456726034,0.19927216172923487,0.19125028127250884,0.5524529764816543,ok
17,0.14527684796378595,0.008187492815730368,0.2577157518436159,0.24952825902788553,0.5493941074334809,ok
18,0.11848708940190962,-0.0037476944471037444,0.15558110127631006,0.1593287957234138,0.767185763841499,ok
19,0.11910846756259905,0.01084781027741583,0.14723903824044213,0.1363912279630263,0.7937508804784068,ok
20,0.11294105301837115,0.010945796820807393,0.1403881305753233,0.1294423337545159,0.7879590334874153,ok
21,0.12217280946864548,0.010859605100727773,0.14298947544123047,0.1321298703405027,0.8424529902365014,ok
22,0.1323742745031393,0.006663463914720598,0.2510063783050929,0.24434291439037234,0.514485189398936,ok
23,0.1127244373679673,0.004167894973932381,0.2265219721732092,0.22235407719927683,0.48821475981636725,ok
24,0.11196209058033149,0.011412855744012658,0.15113954282206024,0.13972668707804758,0.7196136753758051,ok
25,0.12326238582116712,-0.007575896556364888,0.15320392759780696,0.16077982415417186,0.8137730157738642,ok
26,0.13425626665197704,0.010904211575044525,0.1576644554416596,0.14676024386661507,0.840500477697779,ok
27,0.1278252469467994,0.01109852590298297,0.15701769080578826,0.1459191649028053,0.7999409887081417,ok
28,0.12971775706003782,0.01039305961015593,0.17390528892512305,0.16351222931496712,0.7297600794129683,ok
29,0.11577430630105999,0.011693004167756463,0.13232365980781474,0.12063065564005827,0.8628097193126824,ok
30,0.11642307328027135,0.0015582516792864043,0.1453602109090009,0.14380195922971448,0.7987709083816842,ok
31,0.106623880300286,0.00995032757010977,0.13031457591036763,0.12036424834025786,0.8031749798070406,ok
32,0.11007057513529189,0.01265242344278296,0.15011272330939535,0.13746029986661237,0.7087002704565666,ok
33,0.13862893679772031,0.010660620974378313,0.2540989631028514,0.2434383421284731,0.5256703389633154,ok
34,0.13043280463550325,0.010695436819815878,0.23080318072465608,0.2201077439048402,0.5439943442764729,ok
35,0.04082391381439172,-0.06767708917697611,0.4631468351310598,0.5308239243080359,0.20440111687280496,ok
36,0.13461575277198612,0.011142573660081024,0.1595791426526084,0.14843656899252736,0.8318245291571044,ok
37,0.12895650936482336,0.010794366035740747,0.2496901386348094,0.23889577259906866,0.4946179752095926,ok
38,0.1345263087062909,0.011154855981577705,0.17494017152876384,0.16378531554718614,0.7532510000212455,ok
39,0.13739720263326394,0.010718579216647725,0.24355719121600258,0.23283861199935485,0.5440619248192701,ok
40,0.1485300049574683,-0.0018125473063662116,0.3056844155225722,0.3074969628289384,0.4889236982398118,ok
41,0.0942266708221922,0.000513863309510872,0.19210140151280614,0.19158753820329527,0.48913832492195713,ok
42,0.12592932920181735,0.011033151328064653,0.2358423538978767,0.22480920256981204,0.511083072046719,ok
43,0.10677959644169374,2.4740186343656194e-05,0.22591099958147384,0.22588625939513018,0.47260447156553154,ok
44,0.12591197774439092,0.01149895140142975,0.16397217515115106,0.1524732237497213,0.750381106460801,ok
45,0.14780257497519633,0.010241629982935636,0.2738188977372516,0.26357726775431595,0.5218998822026002,ok
46,0.1231447283919664,0.013853350561629412,0.142082165355721,0.12822881479409157,0.8523152772318444,ok
47,0.13732766556784382,0.010704427201153359,0.2552887525865912,0.24458432538543787,0.5177079036734926,ok
48,0.13794309058009321,0.010840817572460559,0.23488249225073696,0.2240416746782764,0.5673153139484044,ok
49,0.13324933353611593,0.010651400637583549,0.23073894945361803,0.22008754881603448,0.5570416570953264,ok
50,0.11830364994039974,0.011098198942391132,0.13787554026944593,0.1267773413270548,0.8456199654908724,ok
51,0.1165650216904924,0.011481944500837319,0.15076360342152922,0.13928165892069191,0.7544645720330645,ok
52,0.12239509173655744,-0.0044884672614364796,0.25635228334995364,0.2608407506113901,0.48644070644862386,ok
53,0.1386337262006329,0.010519149059851836,0.24508787777950974,0.23456872871965792,0.5461707442422802,ok
54,0.13027181160749343,0.01058305623138783,0.235118834432851,0.22453577820146317,0.5330498165362123,ok
55,0.12642895958374686,0.01081674213128212,0.21853579048123262,0.2077190483499505,0.5565797569883403,ok
56,0.14381627027569335,0.010755194559364726,0.25709776128873485,0.24634256672937013,0.5401465020152543,ok
57,0.13951710423796754,0.0077835804000264165,0.2422784905509275,0.2344949101509011,0.5617756212839271,ok
58,0.1512845297460648,0.009855350784602446,0.30311673733439426,0.29326138654979184,0.48226321448374376,ok
59,0.14326510121118116,0.009174835525290866,0.18566050033980214,0.17648566481451128,0.7597799278871794,ok
60,0.11543881491467924,0.009997415411758937,0.20573101622735868,0.19573360081559973,0.5386985119752455,ok
61,0.06893392091412312,-0.02139689861439135,0.24432261050238285,0.2657195091167742,0.33994801446369266,ok
62,-0.01432723489749268,-0.14205033179910725,0.4265522823247077,0.568602614123815,0.22462629212218582,ok
63,0.12531819508072517,0.01070841470666765,0.2045345385134923,0.19382612380682465,0.5913020294843356,ok
64,0.12222420210229984,0.010923791075123045,0.20960013615444345,0.19867634507932042,0.5602096766111775,ok
65,0.13022189861756578,0.010984829439876028,0.22324119704956802,0.212256367609692,0.5617596801474953,ok
66,0.15288211422674405,0.00944676686854317,0.2863806929122056,0.2769339260436624,0.5179406850123027,ok
67,0.14318859315965446,0.010272113643614734,0.1704876001833687,0.16021548653975395,0.82961068487633,ok
68,0.10513286035856749,-0.006263247389445844,0.25382329456824726,0.2600865419576931,0.428304005695664,ok
69,0.15195083640493878,0.009772175711286014,0.27174415004325664,0.2619719743319706,0.5427246981521928,ok
70,0.15753271334195276,0.0090695831149745,0.3033751954183828,0.2943056123034083,0.5044522564996935,ok
71,0.13258587828180585,0.010682001034916433,0.2654559752816102,0.25477397424669374,0.47847853222579073,ok
72,0.13535266546100916,0.010516133261645704,0.23435411934025865,0.22383798607861294,0.5577093253310468,ok
73,0.12878186553532955,0.005147605360740563,0.2496565452251306,0.24450893986439,0.5056431075410136,ok
74,0.13705696769642559,-0.005762559062364869,0.2982012165967528,0.3039637756591177,0.469857062569707,ok
75,0.12628596567652917,0.010975723723949357,0.21025111008966302,0.19927538636571365,0.5786476897902506,ok
76,0.7412624152469758,0.05770968334610402,0.7923049473580317,0.7345952640119277,0.9305161160006783,ok
77,0.7199603168185659,0.05046954710339181,0.924823652477257,0.8743541053738652,0.7656975195752143,ok
78,0.7516545675271954,0.05770581836739877,0.8066046097458112,0.7488987913784124,0.9266255429288709,ok
79,0.7445818260449941,0.057545693711528415,0.8027282023408321,0.7451825086293037,0.9219702883219938,ok
80,0.7214857967259142,0.051083797918259385,0.9275949177667485,0.8765111198484892,0.7648528166117714,ok
81,0.7238695375648562,0.05758083601518082,0.8005647069847086,0.7429838709695278,0.8967741125796284,ok
82,0.7011449885082878,0.051371095530107984,0.920321530091762,0.868950434561654,0.7477686495501451,ok
83,0.7071457903908408,0.05807504463552561,0.7629152012338467,0.7048401565983211,0.9208765131768902,ok
84,0.7212725464420072,0.05789935792908172,0.7822124984055548,0.7243131404764731,0.9158651851553327,ok
85,0.4353537316910396,0.05505654515219849,0.6475232678414281,0.5924667226892296,0.6418878427680416,ok
86,0.7190501156426691,0.05773363754825148,0.7908326287677347,0.7330989912194833,0.9020834648733344,ok
87,0.7320913863829579,0.057661840400317854,0.7929605794984523,0.7352987390981345,0.9172184176595322,ok
88,0.703210879675967,0.05205984264982453,0.9210038378116391,0.8689439951618145,0.7493590388467847,ok
89,0.7250838828977886,0.04880393820974562,0.9258590922310307,0.8770551540212851,0.7710802924848105,ok
90,0.7537478064135936,0.0574345352325945,0.8277919375531442,0.7703574023205497,0.9038834040972318,ok
91,0.73367720234312,0.057481431678464284,0.8090675036989576,0.7515860720204933,0.8996917263871516,ok
92,0.6990566809637969,0.018617058796325477,0.8858294867155436,0.8672124279192182,0.7846285411293197,ok
93,0.7780852374183216,0.0461253857582583,0.9356224248756871,0.8894970391174288,0.8228918360271597,ok
94,0.7253570708966526,0.05761128555873861,0.790440649051602,0.7328293634928634,0.9111886321738754,ok
95,0.6933550414279834,0.05790082098813,0.7962148949250331,0.7383140739369031,0.8606827945882553,ok
96,0.7085838041482531,0.04967807166141787,0.917463998928999,0.8677859272675811,0.7592952498798268,ok
97,0.42058251794239093,0.048114999268763135,0.7807378873124922,0.732622888043729,0.508402787781039,ok
98,0.7306334711220069,0.05769007424421895,0.8035389319864353,0.7458488577422164,0.9022516960270973,ok
99,0.6972766584390845,0.05828056893085003,0.7909713183931778,0.7326907494623278,0.8721225018565479,ok
100,0.7054049554008996,0.029246027118747863,0.891849422214122,0.8626033950953741,0.7838584129469974,ok
101,0.6769577579944893,0.025479728906376307,0.8837632278332455,0.8582834989268692,0.7590475989607984,ok
102,0.6764139984148346,0.054000422024921876,0.9167873174855881,0.8627868954606662,0.7213989684643839,ok
103,0.71396546113989,0.0576903060221541,0.7766823196517708,0.7189920136296167,0.9127711333047033,ok
104,0.732042757519789,0.05770082776032821,0.7918358853683707,0.7341350576080424,0.918552959392241,ok
105,0.7535821705591456,0.05786780824610645,0.8059311089351304,0.7480633006890239,0.9300207103760237,ok
106,0.7168751149494135,0.057899868031627395,0.7773382052995259,0.7194383372678985,0.9159579254843105,ok
107,0.7165688153859006,0.057886863957728324,0.7973232365198257,0.7394363725620974,0.8907892225342979,ok
108,0.7464678244315893,0.057559033940175044,0.7953125922321916,0.7377535582920166,0.9337925690068056,ok
109,0.7638101972603996,0.05757848313492951,0.8228749232360238,0.7652964401010943,0.9228211149553734,ok
110,0.7248409911759666,0.05749693051804424,0.7760576201774668,0.7185606896594225,0.928723307942471,ok
111,0.6885698207680132,0.06374312688779185,0.7851084897131567,0.7213653628253649,0.8661722978117061,ok
112,0.733025598590248,0.05023908956049367,0.9295059525523797,0.879266862991886,0.7765407042708661,ok
113,0.3939008303015893,-0.21122320090342625,0.5574956444108913,0.7687188453143176,0.7871851131184243,ok
114,0.7527089724848486,0.05554023445152323,0.8165141299665357,0.7609738955150125,0.9161532900698189,ok
115,0.7142590390409528,0.05777762199734363,0.7933508748875924,0.7355732528902488,0.8924759219617241,ok
116,0.7136084915230654,0.057839793870589976,0.7836339319835802,0.7257941381129902,0.903518867426271,ok
117,0.6707922915579968,0.0668486919492116,0.800049522385393,0.7332008304361813,0.8237082863770067,ok
118,0.6794732435496982,0.057684634932120636,0.7811585516561784,0.7234739167240578,0.8594485498980825,ok
119,0.6881956089660325,0.046448258320582386,0.9122530120882575,0.8658047537676751,0.7412148614948039,ok
120,0.7401346594876124,0.05776949734520263,0.7958191172480156,0.7380496199028129,0.9245518780055252,ok
121,0.7467389013994734,0.05762164066024289,0.7995071815778954,0.7418855409176525,0.928872747522277,ok
122,0.7254676045728558,0.057609711389243076,0.7780666410196446,0.7204569296304015,0.9269921153041412,ok
