scenario,n_zones,beam_size,exact_naopc,beam_naopc,absolute_error,exact_runtime_seconds,beam_runtime_seconds,exact_model_queries,beam_model_queries
additive,4,1,0.9907978197402677,0.9907978197402677,0.0,0.014387887204065919,0.012183306040242314,16,16
additive,4,2,0.9907978197402677,0.9907978197402677,0.0,0.014387887204065919,0.012331605888903141,16,16
additive,4,5,0.9907978197402677,0.9907978197402677,0.0,0.014387887204065919,0.012850027997046709,16,16
additive,4,10,0.9907978197402677,0.9907978197402677,0.0,0.014387887204065919,0.013425954151898623,16,16
additive,4,20,0.9907978197402677,0.9907978197402677,0.0,0.014387887204065919,0.013616511132568121,16,16
additive,4,50,0.9907978197402677,0.9907978197402677,0.0,0.014387887204065919,0.013931652065366507,16,16
additive,6,1,0.9850408382163707,0.9850408382163707,0.0,0.04344856389798224,0.03133294405415654,64,46
additive,6,2,0.9850408382163707,0.9850408382163707,0.0,0.04344856389798224,0.038566647097468376,64,56
additive,6,5,0.9850408382163707,0.9850408382163707,0.0,0.04344856389798224,0.043457104125991464,64,62
additive,6,10,0.9850408382163707,0.9850408382163707,0.0,0.04344856389798224,0.04641573899425566,64,64
additive,6,20,0.9850408382163707,0.9850408382163707,0.0,0.04344856389798224,0.049558524042367935,64,64
additive,6,50,0.9850408382163707,0.9850408382163707,0.0,0.04344856389798224,0.05715341796167195,64,64
additive,8,1,0.9592032126122354,0.9592032126122354,0.0,0.16430959710851312,0.08741667307913303,256,136
additive,8,2,0.9592032126122354,0.9592032126122354,0.0,0.16430959710851312,0.09648079494945705,256,149
additive,8,5,0.9592032126122354,0.9592032126122354,0.0,0.16430959710851312,0.11836040415801108,256,182
additive,8,10,0.9592032126122354,0.9592032126122354,0.0,0.16430959710851312,0.1314914901740849,256,198
additive,8,20,0.9592032126122354,0.9592032126122354,0.0,0.16430959710851312,0.1549274551216513,256,223
additive,8,50,0.9592032126122354,0.9592032126122354,0.0,0.16430959710851312,0.18847527401521802,256,246
additive,9,1,0.9300561236303029,0.9300561236303029,0.0,0.32604507892392576,0.14793545589782298,512,236
additive,9,2,0.9300561236303029,0.9300561236303029,0.0,0.32604507892392576,0.16165596898645163,512,256
additive,9,5,0.9300561236303029,0.9300561236303029,0.0,0.32604507892392576,0.18607488297857344,512,290
additive,9,10,0.9300561236303029,0.9300561236303029,0.0,0.32604507892392576,0.2244030199944973,512,340
additive,9,20,0.9300561236303029,0.9300561236303029,0.0,0.32604507892392576,0.25589601905085146,512,379
additive,9,50,0.9300561236303029,0.9300561236303029,0.0,0.32604507892392576,0.3166977029759437,512,431
interaction,4,1,0.6381946055641539,0.5816839837798924,0.05651062178426147,0.01222850801423192,0.011850522831082344,16,15
interaction,4,2,0.6381946055641539,0.6381946055641539,0.0,0.01222850801423192,0.012652193894609809,16,16
interaction,4,5,0.6381946055641539,0.6381946055641539,0.0,0.01222850801423192,0.01303352601826191,16,16
interaction,4,10,0.6381946055641539,0.6381946055641539,0.0,0.01222850801423192,0.013505632989108562,16,16
interaction,4,20,0.6381946055641539,0.6381946055641539,0.0,0.01222850801423192,0.013937864918261766,16,16
interaction,4,50,0.6381946055641539,0.6381946055641539,0.0,0.01222850801423192,0.014297343092039227,16,16
interaction,6,1,0.3144242603817652,0.3106992199258564,0.003725040455908768,0.04366950178518891,0.027984584216028452,64,39
interaction,6,2,0.3144242603817652,0.3106992199258564,0.003725040455908768,0.04366950178518891,0.031224429840222,64,44
interaction,6,5,0.3144242603817652,0.3106992199258564,0.003725040455908768,0.04366950178518891,0.041532668052241206,64,58
interaction,6,10,0.3144242603817652,0.3106992199258564,0.003725040455908768,0.04366950178518891,0.04603879596106708,64,62
interaction,6,20,0.3144242603817652,0.3144242603817652,0.0,0.04366950178518891,0.04973505111411214,64,63
interaction,6,50,0.3144242603817652,0.3144242603817652,0.0,0.04366950178518891,0.05786011787131429,64,64
interaction,8,1,0.07046461844184634,0.07514766453024439,0.004683046088398049,0.16949113900773227,0.0473924670368433,256,68
interaction,8,2,0.07046461844184634,0.07046461844184634,0.0,0.16949113900773227,0.06376740895211697,256,93
interaction,8,5,0.07046461844184634,0.07046461844184634,0.0,0.16949113900773227,0.09327388787642121,256,135
interaction,8,10,0.07046461844184634,0.07046461844184634,0.0,0.16949113900773227,0.1140350450295955,256,161
interaction,8,20,0.07046461844184634,0.07046461844184634,0.0,0.16949113900773227,0.1352964211255312,256,184
interaction,8,50,0.07046461844184634,0.07046461844184634,0.0,0.16949113900773227,0.18178641190752387,256,224
interaction,9,1,0.058304436255411124,0.06410441204453529,0.005799975789124168,0.3382874170783907,0.05886274902150035,512,85
interaction,9,2,0.058304436255411124,0.06410441204453529,0.005799975789124168,0.3382874170783907,0.07006852491758764,512,101
interaction,9,5,0.058304436255411124,0.05917411304276436,0.0008696767873532379,0.3382874170783907,0.10376454400829971,512,149
interaction,9,10,0.058304436255411124,0.058304436255411124,0.0,0.3382874170783907,0.13255220209248364,512,186
interaction,9,20,0.058304436255411124,0.058304436255411124,0.0,0.3382874170783907,0.1736639467999339,512,236
interaction,9,50,0.058304436255411124,0.058304436255411124,0.0,0.3382874170783907,0.23320075822994113,512,288
